No,filename,diag_pred,diag_gt,age,site,sex
148,AFM0070,1,1,56.0,3,0
94,EMCI_019_S_4680_201404_07_FC,1,1,65.0,4,0
126,AD_019_S_5012_201305_05_FC,2,2,77.0,4,1
157,EMCI_130_S_4417_201201_05_FC,1,1,75.0,4,1
168,AFM0552,1,1,64.0,3,0
165,EMCI_018_S_2180_201107_05_FC,1,1,78.0,4,0
156,EMCI_018_S_4597_201203_05_FC,0,1,69.0,4,0
61,AFM0322,1,1,68.0,3,1
109,LMCI_031_S_4029_201111_08_FC,1,1,62.0,4,1
3,EMCI_019_S_4285_201311_06_FC,1,1,76.0,4,1
0,EMCI_011_S_4893_201711_01_FC,1,1,73.0,4,0
146,EMCI_019_S_4285_201110_05_FC,1,1,74.0,4,1
204,EMCI_018_S_4809_201306_05_FC,1,1,79.0,4,1
139,AFM0407,1,0,50.0,3,0
28,MCI_002_S_0729_201108_05_FC,1,1,70.0,4,0
5,AD_130_S_5059_201305_05_FC,2,2,72.0,4,1
75,LMCI_002_S_4219_201203_05_FC,1,1,80.0,4,0
39,LMCI_007_S_4611_201405_01_FC,0,1,69.0,4,1
205,LMCI_136_S_4848_201210_05_FC,1,1,74.0,4,1
152,AFM0166,1,1,67.0,3,1
1,NC_941_S_4292_201708_01_FC,1,0,77.0,4,1
82,EMCI_130_S_4883_201310_05_FC,1,1,77.0,4,0
56,MCI_135_S_6446_201806_01_FC,1,1,61.0,4,1
73,EMCI_018_S_2138_201011_05_FC,1,1,82.0,4,1
26,OAS30249_MR_d3431,0,0,50.79,5,1
38,AD_019_S_6573_201809_09_FC,2,2,87.7,4,1
158,LMCI_002_S_4654_201705_01_FC,1,1,81.0,4,0
62,AD_130_S_4971_201210_05_FC,2,2,76.0,4,1
53,LMCI_019_S_4293_201510_06_FC,1,1,74.0,4,1
112,MCI_037_S_0377_201803_01_FC,1,1,91.0,4,1
85,EMCI_002_S_4237_201109_05_FC,1,1,81.0,4,0
11,AFM0106,1,0,78.0,3,0
7,EMCI_019_S_4285_201204_05_FC,1,1,75.0,4,1
65,EMCI_018_S_2133_201108_05_FC,1,1,63.0,4,0
129,EMCI_100_S_4512_201207_05_FC,1,1,68.0,4,0
211,LMCI_123_S_4170_201710_09_FC,1,1,72.0,4,0
172,LMCI_013_S_4395_201204_05_FC,1,1,73.0,4,0
174,LMCI_006_S_4960_201210_05_FC,1,1,60.0,4,1
142,MCI_023_S_6369_201805_01_FC,1,1,77.0,4,1
42,AFM0497,1,1,69.0,3,0
86,AD_019_S_4477_201208_07_FC,2,2,82.0,4,0
41,LMCI_006_S_4960_201311_06_FC,1,1,61.0,4,1
35,AD_053_S_5070_201301_06_FC,2,2,71.2,4,1
8,EMCI_031_S_2018_201009_05_FC,1,1,77.0,4,0
14,MCI_007_S_6421_201806_01_FC,1,1,65.0,4,1
135,EMCI_012_S_4849_201207_05_FC,1,1,66.0,4,0
106,EMCI_130_S_4405_201602_05_FC,1,1,76.0,4,1
36,OAS30819_MR_d0572,0,0,72.099,5,0
212,AFM0469,1,0,60.0,3,1
9,AFM0546,1,1,74.0,3,0
190,LMCI_002_S_4251_201112_07_FC,1,1,72.0,4,1
96,LMCI_006_S_4713_201406_04_FC,1,1,73.0,4,1
25,AFM0411,1,1,60.0,3,0
37,EMCI_100_S_4556_201711_09_FC,1,1,79.0,4,1
120,EMCI_018_S_4597_201303_05_FC,2,1,70.0,4,0
71,AD_019_S_5012_201211_05_FC,2,2,76.0,4,1
115,AFM0427,1,1,47.0,3,0
198,AFM0275,1,1,66.0,3,1
79,EMCI_053_S_4661_201209_05_FC,1,1,74.0,4,1
13,LMCI_130_S_4294_201111_06_FC,1,1,75.0,4,0
80,EMCI_031_S_2018_201307_07_FC,1,1,80.0,4,0
180,LMCI_002_S_4229_201510_05_FC,1,1,70.0,4,1
118,EMCI_037_S_4706_201710_01_FC,1,1,66.0,4,1
2,AFM0205,1,1,67.0,3,0
21,AD_006_S_4867_201208_05_FC,2,2,74.0,4,1
176,OAS30206_MR_d3024,1,2,79.08,5,1
207,EMCI_137_S_4351_201710_01_FC,1,1,74.0,4,0
125,OAS30248_MR_d0078,1,0,68.501,5,1
132,NC_128_S_4607_201807_01_FC,1,0,62.0,4,0
202,AFM0181,1,1,64.0,3,0
170,AD_022_S_6013_201704_01_FC,0,2,60.4,4,0
127,OAS30701_MR_d0054,0,0,45.977,5,0
99,EMCI_128_S_2220_201807_01_FC,1,1,90.0,4,1
67,MCI_131_S_6143_201803_09_FC,1,1,70.0,4,1
194,MCI_109_S_6406_201807_01_FC,1,1,61.0,4,1
12,EMCI_031_S_4149_201202_05_FC,1,1,74.0,4,1
70,AD_018_S_4733_201211_06_FC,2,2,75.0,4,1
91,NC_019_S_4835_201807_09_FC,1,0,85.0,4,1
171,OAS31011_MR_d0089,2,0,72.12,5,1
133,EMCI_012_S_4128_201203_05_FC,1,1,74.0,4,0
22,LMCI_041_S_4510_201710_01_FC,1,1,72.0,4,0
47,OAS30673_MR_d2417,0,0,45.265,5,0
182,AD_130_S_4660_201405_07_FC,2,2,79.0,4,0
30,AD_006_S_4192_201205_07_FC,2,2,83.0,4,1
189,LMCI_130_S_4925_201212_06_FC,1,1,75.0,4,1
203,AD_018_S_5074_201302_05_FC,1,2,69.0,4,0
77,MCI_941_S_6068_201708_01_FC,1,1,76.0,4,1
131,EMCI_018_S_2133_201212_05_FC,1,1,65.0,4,0
175,AFM0224,1,1,79.0,3,1
151,MCI_041_S_1418_201708_01_FC,1,1,92.0,4,1
105,EMCI_002_S_2010_201307_05_FC,1,1,66.0,4,0
20,LMCI_130_S_4605_201210_05_FC,1,1,85.0,4,0
102,AD_130_S_4730_201306_07_FC,2,2,82.0,4,0
51,OAS30315_MR_d0124,1,2,77.35,5,1
137,AD_130_S_4984_201303_05_FC,2,2,73.0,4,0
154,AFM0365,1,1,62.0,3,1
143,AD_006_S_4153_201209_05_FC,2,2,80.0,4,1
187,MCI_024_S_6033_201807_01_FC,1,1,59.0,4,0
179,LMCI_130_S_4817_201301_06_FC,1,1,61.0,4,1
57,OAS30858_MR_d2100,0,0,69.248,5,0
138,AD_053_S_5070_201402_05_FC,2,2,72.0,4,1
4,EMCI_031_S_4005_201104_05_FC,1,1,71.0,4,1
63,EMCI_130_S_4883_201208_06_FC,1,1,76.0,4,0
64,EMCI_012_S_4128_201111_05_FC,1,1,73.0,4,0
15,EMCI_053_S_2396_201307_05_FC,1,1,72.0,4,0
140,LMCI_031_S_4203_201203_07_FC,1,1,75.0,4,0
107,NC_012_S_4545_201209_05_FC,1,0,68.0,4,0
84,LMCI_136_S_4932_201210_05_FC,1,1,79.0,4,1
74,EMCI_013_S_2324_201106_05_FC,1,1,57.0,4,0
87,EMCI_018_S_2138_201109_05_FC,1,1,83.0,4,1
111,AFM0459,1,0,70.0,3,1
123,NC_094_S_6468_201807_01_FC,1,0,69.0,4,1
90,EMCI_006_S_4679_201406_04_FC,1,1,71.0,4,1
29,AFM0327,1,1,59.0,3,0
200,AD_006_S_4546_201209_06_FC,2,2,71.0,4,1
83,LMCI_130_S_4817_201704_09_FC,1,1,66.0,4,1
108,EMCI_130_S_2403_201204_05_FC,1,1,80.0,4,0
178,AFM0214,1,0,76.0,3,0
45,MCI_013_S_6206_201806_01_FC,1,1,82.0,4,1
130,EMCI_002_S_4799_201607_05_FC,1,1,72.0,4,1
119,MCI_100_S_0296_201701_05_FC,1,1,90.0,4,1
169,EMCI_018_S_4809_201206_06_FC,1,1,78.0,4,1
173,LMCI_130_S_4817_201407_07_FC,1,1,63.0,4,1
208,AFM0299,1,1,58.0,3,1
66,LMCI_006_S_4713_201211_05_FC,1,1,71.0,4,1
88,EMCI_031_S_2017_201007_05_FC,2,1,72.0,4,0
209,LMCI_130_S_4250_201204_06_FC,1,1,79.0,4,1
49,NC_033_S_1016_201712_01_FC,1,0,89.0,4,0
114,EMCI_013_S_4268_201201_06_FC,1,1,64.0,4,0
16,LMCI_002_S_4251_201109_05_FC,1,1,72.0,4,1
177,MCI_037_S_6083_201710_01_FC,1,1,72.0,4,1
141,AD_130_S_5059_201302_05_FC,2,2,72.0,4,1
93,MCI_109_S_6221_201807_01_FC,1,1,75.0,4,1
160,AFM0164,0,1,63.0,3,0
116,LMCI_023_S_4115_201801_01_FC,1,1,74.0,4,1
134,EMCI_053_S_2357_201505_05_FC,1,1,76.0,4,1
68,AD_130_S_5231_201307_05_FC,1,2,74.2,4,0
110,OAS30948_MR_d0076,2,2,77.933,5,0
100,EMCI_018_S_4868_201608_04_FC,1,1,81.0,4,1
72,OAS30899_MR_d1616,1,0,74.661,5,1
197,AD_006_S_4192_201112_05_FC,2,2,82.0,4,1
59,EMCI_002_S_2043_201012_05_FC,1,1,73.0,4,0
54,AFM0400,1,1,62.0,3,1
184,LMCI_130_S_4250_201310_07_FC,1,1,81.0,4,1
60,AD_006_S_4546_201209_07_FC,2,2,71.0,4,1
58,EMCI_002_S_4473_201402_05_FC,1,1,77.0,4,1
147,EMCI_129_S_4220_201209_06_FC,1,1,72.0,4,0
89,AFM0458,1,1,65.0,3,0
34,NC_109_S_6405_201807_01_FC,1,0,71.0,4,0
167,OAS30622_MR_d0802,2,2,75.129,5,1
164,OAS30830_MR_d0030,0,0,71.154,5,1
183,EMCI_031_S_4947_201310_05_FC,1,1,76.0,4,1
32,LMCI_031_S_4721_201211_05_FC,1,1,86.0,4,1
195,LMCI_019_S_4293_201110_04_FC,1,1,70.0,4,1
186,LMCI_002_S_4746_201205_05_FC,1,1,71.0,4,0
153,LMCI_002_S_4746_201306_05_FC,1,1,72.0,4,0
97,MCI_941_S_6345_201805_01_FC,1,1,79.0,4,1
104,AFM0514,1,1,68.0,3,0
128,AFM0386,1,1,50.0,3,0
69,EMCI_053_S_2357_201104_05_FC,1,1,72.0,4,1
52,EMCI_053_S_4813_201607_05_FC,1,1,72.0,4,1
55,LMCI_016_S_4902_201512_01_FC,1,1,79.0,4,0
192,EMCI_019_S_4680_201305_05_FC,1,1,65.0,4,0
44,OAS31018_MR_d0041,0,0,61.517,5,1
40,OAS30367_MR_d4337,0,0,57.916,5,0
33,EMCI_018_S_2180_201201_05_FC,1,1,79.0,4,0
103,EMCI_041_S_4143_201707_01_FC,2,1,70.0,4,0
206,AD_130_S_4982_201210_05_FC,2,2,58.0,4,0
145,EMCI_013_S_4917_201303_05_FC,1,1,76.0,4,1
144,MCI_141_S_1052_201807_01_FC,1,1,81.0,4,0
166,OAS30953_MR_d0103,1,2,81.09,5,1
46,LMCI_136_S_4408_201201_05_FC,1,1,74.0,4,1
191,OAS30996_MR_d4705,0,0,62.606,5,0
181,EMCI_130_S_4468_201403_06_FC,1,1,64.0,4,0
113,EMCI_002_S_4473_201603_05_FC,1,1,79.0,4,1
210,OAS30127_MR_d0837,1,0,65.495,5,1
19,EMCI_031_S_4947_201209_05_FC,1,1,75.0,4,1
159,EMCI_130_S_4417_201207_05_FC,1,1,75.0,4,1
201,EMCI_032_S_2119_201706_01_FC,2,1,78.0,4,1
117,OAS30812_MR_d0055,0,2,62.809,5,0
188,AD_130_S_4660_201204_05_FC,2,2,77.0,4,0
24,AD_114_S_6039_201707_01_FC,0,2,55.9,4,1
155,EMCI_041_S_4974_201710_01_FC,2,1,78.0,4,1
43,EMCI_941_S_4036_201711_01_FC,1,1,81.0,4,1
10,MCI_003_S_1122_201705_01_FC,1,1,87.0,4,0
163,AFM0554,1,1,70.0,3,0
149,LMCI_002_S_4229_201209_05_FC,1,1,67.0,4,1
196,AD_037_S_6377_201807_01_FC,1,2,81.6,4,0
23,LMCI_036_S_4715_201710_01_FC,2,1,62.0,4,0
150,MCI_037_S_6125_201711_01_FC,1,1,71.0,4,0
124,LMCI_013_S_4236_201110_05_FC,1,1,58.0,4,0
95,LMCI_006_S_4363_201111_07_FC,1,1,74.0,4,0
31,EMCI_027_S_2245_201801_01_FC,1,1,64.0,4,0
185,EMCI_100_S_4512_201204_05_FC,1,1,68.0,4,0
81,EMCI_130_S_4415_201302_05_FC,1,1,76.0,4,0
18,EMCI_019_S_4680_201204_05_FC,1,1,63.0,4,0
6,EMCI_114_S_4404_201712_01_FC,1,1,89.0,4,0
161,OAS30322_MR_d3851,1,2,69.61,5,1
122,NC_082_S_4224_201803_01_FC,1,0,82.0,4,1
17,NC_018_S_4313_201511_04_FC,1,0,81.0,4,0
50,EMCI_053_S_4557_201203_07_FC,1,1,83.0,4,0
199,MCI_141_S_6041_201707_01_FC,0,1,58.0,4,0
101,EMCI_031_S_4149_201111_05_FC,1,1,74.0,4,1
78,AD_130_S_4589_201203_05_FC,2,2,75.0,4,0
76,EMCI_018_S_2180_201603_05_FC,1,1,83.0,4,0
193,LMCI_127_S_4928_201708_01_FC,1,1,83.0,4,1
162,EMCI_130_S_4415_201601_05_FC,1,1,79.0,4,0
98,LMCI_002_S_4521_201502_06_FC,1,1,73.0,4,1
27,AD_006_S_4192_201310_05_FC,2,2,84.0,4,1
136,LMCI_002_S_4746_201209_05_FC,1,1,72.0,4,0
48,OAS30992_MR_d0470,0,0,64.457,5,0
92,EMCI_100_S_2351_201105_05_FC,1,1,88.0,4,0
121,LMCI_002_S_4229_201204_05_FC,1,1,67.0,4,1
